id,first_name,last_name,email,gender,oop,dsa,databases,math,statistics
1,Federico,Kasparski,fkasparski0@ezinearticles.com,Male,14,20,10,17,13
2,Mick,Ward,mward1@smh.com.au,Male,18,10,9,18,19
3,Laverna,Sego,lsego2@eepurl.com,Female,11,16,14,10,16
4,Ninnetta,Apedaile,napedaile3@lulu.com,Female,11,9,10,14,14
5,Bartlett,Patrone,bpatrone4@wufoo.com,Male,13,15,9,10,12
6,Arlene,Ronchetti,aronchetti5@va.gov,Female,11,19,11,16,13
7,Isa,Willeson,iwilleson6@eepurl.com,Male,19,10,19,13,17
8,Haley,Cleef,hcleef7@github.com,Female,10,18,8,15,14
9,Maible,Ivey,mivey8@zimbio.com,Female,20,19,20,13,20
10,Sheppard,Dungey,sdungey9@dagondesign.com,Male,14,10,9,15,14
11,Allene,Baggot,abaggota@nyu.edu,Female,12,20,8,17,14
12,Roselin,Van Arsdall,rvanarsdallb@php.net,Agender,20,18,10,10,16
13,Lalo,Vicary,lvicaryc@jalbum.net,Genderfluid,10,9,9,16,15
14,Dolph,Juniper,djuniperd@elegantthemes.com,Male,14,20,20,11,16
15,Finley,Lingley,flingleye@dyndns.org,Male,13,10,17,12,16
16,Fleur,Goult,fgoultf@gov.uk,Female,16,13,11,14,15
17,Deb,Eisak,deisakg@umn.edu,Female,11,20,14,13,20
18,Randall,Bechley,rbechleyh@geocities.jp,Male,14,13,9,10,14
19,Edyth,Corter,ecorteri@4shared.com,Female,16,10,14,20,12
20,Karen,Jahner,kjahnerj@auda.org.au,Female,13,18,19,12,19
21,Yance,Grog,ygrogk@ihg.com,Male,18,11,19,12,13
22,Kilian,Samwell,ksamwelll@netlog.com,Male,15,20,12,14,18
23,Miles,Tripcony,mtripconym@symantec.com,Male,16,16,12,12,14
24,Boris,Isted,bistedn@themeforest.net,Male,11,18,12,15,15
25,Cristian,Djurdjevic,cdjurdjevico@ucoz.ru,Male,15,10,16,17,19
26,Flo,Tansill,ftansillp@blogspot.com,Female,15,18,11,12,13
27,Norrie,Winchurst,nwinchurstq@ftc.gov,Male,13,14,12,13,15
28,Elvyn,Bridges,ebridgesr@google.com.au,Male,13,18,20,18,16
29,De witt,Braga,dbragas@ustream.tv,Male,11,20,15,14,13
30,Catrina,Maciejewski,cmaciejewskit@dot.gov,Female,16,18,19,12,18
31,Gertrudis,Brinsford,gbrinsfordu@studiopress.com,Female,16,17,20,14,19
32,Tamqrah,Keems,tkeemsv@nih.gov,Female,13,19,15,17,12
33,Randolf,Canny,rcannyw@taobao.com,Male,14,17,10,16,19
34,Jdavie,Antonnikov,jantonnikovx@arstechnica.com,Male,10,20,18,13,14
35,William,Fritz,wfritzy@histats.com,Male,19,9,15,15,19
36,Spenser,McAllester,smcallesterz@army.mil,Male,18,10,15,12,12
37,Karlotta,Frissell,kfrissell10@ask.com,Female,12,17,12,17,16
38,Lutero,Bartczak,lbartczak11@kickstarter.com,Male,13,13,16,16,18
39,Derril,Sandlin,dsandlin12@go.com,Male,14,16,13,17,18
40,Karalynn,Entwhistle,kentwhistle13@comcast.net,Female,12,19,12,17,17
41,Violante,Crickmore,vcrickmore14@ox.ac.uk,Female,13,18,17,12,12
42,Sib,Castelli,scastelli15@yellowpages.com,Female,11,12,19,14,14
43,Aimil,Goodered,agoodered16@hatena.ne.jp,Female,12,14,18,17,16
44,Knox,Glazebrook,kglazebrook17@utexas.edu,Male,10,18,10,13,15
45,Bradney,Foxon,bfoxon18@mashable.com,Male,16,19,11,14,19
46,Bernie,Stopper,bstopper19@indiegogo.com,Bigender,16,16,9,16,17
47,Terrance,MacCallam,tmaccallam1a@hp.com,Male,17,18,13,20,15
48,Em,Robshaw,erobshaw1b@eepurl.com,Male,12,16,14,20,19
49,Sibilla,Kain,skain1c@webeden.co.uk,Female,14,20,9,11,18
50,Tedman,Edgeson,tedgeson1d@arizona.edu,Male,20,10,18,19,16
51,Humfrey,Morot,hmorot1e@dropbox.com,Male,20,15,13,20,12
52,Gerri,Denisovo,gdenisovo1f@mysql.com,Female,19,20,16,10,20
53,Jocko,Dohrmann,jdohrmann1g@tamu.edu,Male,17,13,18,11,14
54,Osbert,Almack,oalmack1h@psu.edu,Male,20,14,13,15,18
55,Sheffie,Duddan,sduddan1i@cargocollective.com,Male,10,20,13,19,18
56,Gerald,Duckfield,gduckfield1j@digg.com,Male,14,10,19,18,18
57,Karyn,Offiler,koffiler1k@boston.com,Female,16,16,16,14,12
58,Alis,Sked,asked1l@google.cn,Female,15,19,8,19,16
59,Nevsa,Bliss,nbliss1m@abc.net.au,Female,11,11,15,13,17
60,Candis,Ghiroldi,cghiroldi1n@arizona.edu,Female,17,11,16,15,12
61,Mychal,Blackburne,mblackburne1o@webmd.com,Male,16,15,11,14,13
62,Casey,Virgoe,cvirgoe1p@samsung.com,Male,14,14,17,17,20
63,Annis,Lukash,alukash1q@wikipedia.org,Female,10,19,16,14,19
64,Horacio,Sansum,hsansum1r@moonfruit.com,Male,16,9,16,15,19
65,Shurwood,Stockport,sstockport1s@dmoz.org,Male,15,17,15,16,16
66,Lotty,Raithbie,lraithbie1t@nyu.edu,Female,14,18,16,13,15
67,Gerda,Hairesnape,ghairesnape1u@facebook.com,Female,19,13,17,11,14
68,Noble,Fray,nfray1v@taobao.com,Male,14,9,20,13,15
69,Corey,Gantz,cgantz1w@sakura.ne.jp,Male,17,13,11,16,12
70,Roobbie,Jamson,rjamson1x@hubpages.com,Female,10,15,18,18,18
71,Patrice,Panchin,ppanchin1y@phpbb.com,Female,17,9,18,11,18
72,Ossie,Attree,oattree1z@oakley.com,Male,14,11,10,10,16
73,Tedra,Josuweit,tjosuweit20@springer.com,Female,19,10,19,14,15
74,Paloma,Guerra,pguerra21@chicagotribune.com,Polygender,17,13,10,20,18
75,Chiquita,Kettlestringes,ckettlestringes22@apache.org,Genderqueer,15,18,12,20,19
76,Sonia,Kuhnhardt,skuhnhardt23@upenn.edu,Female,12,15,13,11,12
77,Humberto,Cranmer,hcranmer24@jalbum.net,Male,17,16,9,12,15
78,Avie,Pilgrim,apilgrim25@quantcast.com,Female,10,19,9,10,17
79,Celinka,Bau,cbau26@fotki.com,Non-binary,18,17,12,12,18
80,Renie,Godspeede,rgodspeede27@google.ru,Genderqueer,15,16,8,14,19
81,Octavius,Geffcock,ogeffcock28@imdb.com,Male,11,13,10,13,20
82,Peder,Copnar,pcopnar29@multiply.com,Male,19,9,15,12,15
83,Isabelita,Cattroll,icattroll2a@tumblr.com,Female,15,9,10,11,19
84,Netti,Bleazard,nbleazard2b@qq.com,Female,14,9,15,16,20
85,Feodora,Lively,flively2c@instagram.com,Female,12,18,17,11,12
86,Skell,Aleevy,saleevy2d@51.la,Male,19,19,20,14,17
87,Gustie,Seals,gseals2e@si.edu,Female,18,11,12,16,14
88,Cherianne,Blackborne,cblackborne2f@barnesandnoble.com,Female,13,20,19,17,12
89,Delmore,Hayden,dhayden2g@aol.com,Male,14,17,17,17,13
90,Stephie,Gilders,sgilders2h@comcast.net,Non-binary,12,15,13,12,16
91,Rockie,Swainsbury,rswainsbury2i@privacy.gov.au,Male,10,15,20,11,12
92,Elihu,Rousby,erousby2j@dell.com,Male,14,10,17,17,19
93,Annaliese,Botger,abotger2k@harvard.edu,Female,17,13,8,17,19
94,Roslyn,Diter,rditer2l@smh.com.au,Female,13,17,8,18,19
95,Augustin,Wooller,awooller2m@ucsd.edu,Male,20,19,20,10,13
96,Nicolette,Tarn,ntarn2n@yolasite.com,Bigender,14,11,19,13,13
97,Alaster,Jerok,ajerok2o@wiley.com,Male,13,12,12,17,13
98,Bastien,Rospars,brospars2p@furl.net,Male,16,11,8,17,14
99,Jarid,Gerbl,jgerbl2q@ucoz.ru,Male,20,15,9,16,13
100,Mendie,Feeney,mfeeney2r@npr.org,Male,19,18,10,13,17
101,Malanie,Diggar,mdiggar2s@msn.com,Female,13,16,16,10,12
102,Cesare,Cooke,ccooke2t@netlog.com,Male,20,11,16,14,18
103,Skippy,Doman,sdoman2u@cyberchimps.com,Male,20,10,14,20,20
104,Lorrayne,Morhall,lmorhall2v@ca.gov,Female,10,9,17,20,20
105,Benn,Kolakowski,bkolakowski2w@livejournal.com,Male,15,13,15,18,12
106,Townsend,Kneal,tkneal2x@phoca.cz,Male,18,20,8,19,19
107,Cort,Manby,cmanby2y@google.com.br,Male,16,15,19,13,17
108,Melosa,Gemlbett,mgemlbett2z@edublogs.org,Polygender,17,14,20,19,17
109,Buck,McIlhone,bmcilhone30@dion.ne.jp,Male,13,16,12,15,20
110,Sandro,Oakly,soakly31@youtube.com,Male,11,19,13,14,19
111,Marleen,Paley,mpaley32@yellowpages.com,Female,16,12,17,13,19
112,Janey,Cruikshank,jcruikshank33@narod.ru,Female,18,14,17,16,17
113,Laney,Biggadike,lbiggadike34@plala.or.jp,Male,10,20,9,17,19
114,Anne-corinne,Otter,aotter35@goodreads.com,Female,18,9,20,15,16
115,Nicoline,Pinchbeck,npinchbeck36@cdc.gov,Female,19,14,12,10,15
116,Cad,Tombling,ctombling37@unesco.org,Male,14,20,9,19,15
117,Kaitlin,Glasard,kglasard38@amazon.de,Female,17,13,19,13,15
118,Zebadiah,Vynoll,zvynoll39@linkedin.com,Male,18,10,15,12,19
119,Chandal,Nisius,cnisius3a@time.com,Female,14,20,11,10,16
120,Curtis,Halifax,chalifax3b@ted.com,Male,15,18,10,13,17
121,Gannon,Burehill,gburehill3c@yellowpages.com,Bigender,19,14,19,13,19
122,Rob,Tacon,rtacon3d@sina.com.cn,Male,14,11,12,15,17
123,Dru,Kemer,dkemer3e@bloomberg.com,Male,10,9,11,20,13
124,Bertha,Skotcher,bskotcher3f@biblegateway.com,Female,16,9,17,11,12
125,Roxy,Beetlestone,rbeetlestone3g@mapy.cz,Female,14,12,16,16,15
126,Mel,Finlayson,mfinlayson3h@columbia.edu,Female,16,10,13,14,15
127,Elena,Simmons,esimmons3i@mediafire.com,Female,16,9,8,14,17
128,Kennett,Prestige,kprestige3j@amazon.com,Male,18,10,18,13,16
129,Chaddie,Hotson,chotson3k@scientificamerican.com,Male,15,11,19,14,16
130,Sholom,Kinnie,skinnie3l@com.com,Male,19,9,9,11,15
131,Mag,Copo,mcopo3m@gizmodo.com,Non-binary,18,14,11,12,12
132,Naomi,Durrand,ndurrand3n@last.fm,Female,14,9,11,12,17
133,Nerty,Pareman,npareman3o@lulu.com,Female,16,16,20,10,18
134,Cammy,O'Crotty,cocrotty3p@slideshare.net,Female,20,19,14,16,15
135,Buddy,Tynan,btynan3q@naver.com,Male,15,20,20,12,16
136,Luz,Bertelsen,lbertelsen3r@diigo.com,Female,19,10,11,11,15
137,Perry,Tully,ptully3s@people.com.cn,Female,18,17,11,14,18
138,Alfi,Gyford,agyford3t@usa.gov,Female,10,14,13,16,19
139,Maynord,Bramsen,mbramsen3u@who.int,Male,10,18,17,17,19
140,Guillemette,Farebrother,gfarebrother3v@com.com,Female,18,15,17,20,17
141,Libbie,Santer,lsanter3w@pbs.org,Female,10,12,12,14,15
142,Daune,Giacobini,dgiacobini3x@dagondesign.com,Female,14,16,11,13,12
143,Erica,Edmand,eedmand3y@php.net,Female,13,20,16,20,19
144,Carlynn,Beardsall,cbeardsall3z@ucsd.edu,Female,19,20,13,11,12
145,Chen,Girardey,cgirardey40@wikia.com,Male,13,12,20,11,20
146,Zacharie,Kolczynski,zkolczynski41@pinterest.com,Male,17,10,18,14,14
147,Lucretia,Lippingwell,llippingwell42@samsung.com,Female,13,15,8,10,14
148,Shelden,O'Dunniom,sodunniom43@nbcnews.com,Male,20,10,14,15,16
149,Kristos,Heckney,kheckney44@psu.edu,Male,12,16,9,14,13
150,Lezlie,Noury,lnoury45@microsoft.com,Agender,17,12,16,15,14
151,Lucie,Friberg,lfriberg46@upenn.edu,Female,16,17,11,14,16
152,Kalil,Hayle,khayle47@desdev.cn,Male,14,11,18,17,20
153,Russell,Corrado,rcorrado48@mail.ru,Male,18,15,9,11,13
154,Tatum,Cantor,tcantor49@wp.com,Female,16,13,20,17,13
155,Bertha,Mullan,bmullan4a@google.pl,Agender,12,15,11,12,20
156,Taite,Connue,tconnue4b@tinyurl.com,Male,15,17,11,20,19
157,Harry,Crilly,hcrilly4c@aol.com,Male,15,11,12,12,13
158,Karim,Heigho,kheigho4d@harvard.edu,Male,16,9,11,10,20
159,Anne-corinne,Gino,agino4e@dion.ne.jp,Female,10,16,20,19,19
160,Farra,Lygoe,flygoe4f@wired.com,Female,10,17,9,12,12
161,Ailis,Forsbey,aforsbey4g@1688.com,Female,11,19,19,13,14
162,Rodi,Woloschinski,rwoloschinski4h@pen.io,Female,10,17,10,14,17
163,Rene,Hatley,rhatley4i@va.gov,Female,16,9,18,16,20
164,Brigida,Dyball,bdyball4j@webeden.co.uk,Female,13,10,8,17,20
165,Gav,Grece,ggrece4k@sakura.ne.jp,Male,10,11,9,10,16
166,Cirstoforo,Ungerecht,cungerecht4l@liveinternet.ru,Male,18,15,17,17,13
167,Arline,Humpherston,ahumpherston4m@mac.com,Female,19,14,20,13,14
168,Eula,Hobbert,ehobbert4n@ucsd.edu,Female,10,12,18,16,14
169,Auria,Zupo,azupo4o@apple.com,Female,14,16,19,20,14
170,Wilt,Almond,walmond4p@cbslocal.com,Male,17,15,20,13,19
171,Gannon,Steedman,gsteedman4q@businessinsider.com,Male,14,13,15,17,16
172,Joellyn,Uzelli,juzelli4r@cloudflare.com,Female,17,16,8,11,17
173,Dulcie,Totterdill,dtotterdill4s@wikimedia.org,Female,10,17,12,10,18
174,Opaline,Connors,oconnors4t@tiny.cc,Female,13,18,12,13,12
175,Kiah,Stavers,kstavers4u@cocolog-nifty.com,Female,17,20,11,15,20
176,Donnell,Yesichev,dyesichev4v@nhs.uk,Male,13,16,9,20,18
177,Booth,Dimitrijevic,bdimitrijevic4w@theglobeandmail.com,Male,19,17,18,11,17
178,Tammie,Langforth,tlangforth4x@163.com,Female,13,15,17,19,16
179,Ava,Heffernon,aheffernon4y@bravesites.com,Female,16,14,10,10,17
180,Jephthah,Ewells,jewells4z@biblegateway.com,Male,15,17,16,11,12
181,Culver,Finicj,cfinicj50@1688.com,Male,13,15,12,20,16
182,Itch,Brewitt,ibrewitt51@opera.com,Male,14,19,9,15,18
183,Joey,Graundisson,jgraundisson52@reddit.com,Agender,20,14,15,10,19
184,Ruth,Schimon,rschimon53@gnu.org,Female,10,17,10,13,18
185,Freeman,Lensch,flensch54@tuttocitta.it,Male,19,10,20,14,19
186,Warde,Kelston,wkelston55@statcounter.com,Male,11,10,20,20,13
187,Dione,Dorro,ddorro56@about.com,Genderqueer,17,10,12,10,17
188,Mycah,Dougher,mdougher57@weebly.com,Male,13,16,10,18,14
189,Samuele,Ruby,sruby58@cbsnews.com,Male,16,10,10,10,19
190,Lynnette,Lambkin,llambkin59@ustream.tv,Female,18,18,18,17,19
191,Gaelan,Ramelet,gramelet5a@wordpress.org,Male,10,17,15,15,12
192,Tanya,Edwardes,tedwardes5b@columbia.edu,Female,13,9,13,15,19
193,Grethel,Grassi,ggrassi5c@csmonitor.com,Female,19,15,13,19,20
194,Lilla,Alekhov,lalekhov5d@issuu.com,Female,17,12,11,19,19
195,Nicholle,Agus,nagus5e@free.fr,Bigender,18,11,17,19,20
196,Raphaela,MacFadin,rmacfadin5f@dmoz.org,Bigender,16,12,8,20,19
197,Edee,Wheowall,ewheowall5g@tinypic.com,Female,13,10,18,13,18
198,Catlee,Calvert,ccalvert5h@tmall.com,Female,10,19,15,17,18
199,Delmor,Totman,dtotman5i@theglobeandmail.com,Bigender,19,19,15,12,17
200,Armand,Garnar,agarnar5j@goo.ne.jp,Male,20,14,16,14,14
201,Calla,MacFaul,cmacfaul5k@skyrock.com,Female,14,20,18,16,18
202,Hilliard,Allot,hallot5l@gnu.org,Male,14,17,8,17,20
203,Gipsy,Halversen,ghalversen5m@zimbio.com,Female,17,10,9,16,14
204,Berk,Marti,bmarti5n@nymag.com,Non-binary,17,10,12,16,19
205,Bernete,Nolte,bnolte5o@shutterfly.com,Female,16,9,11,11,15
206,Lillian,Follett,lfollett5p@posterous.com,Female,16,15,16,19,20
207,Marvin,Dictus,mdictus5q@gizmodo.com,Male,19,11,8,13,14
208,Reese,Flower,rflower5r@cam.ac.uk,Male,13,19,16,13,12
209,Marys,Cabotto,mcabotto5s@lulu.com,Female,14,9,18,12,19
210,Mahmud,Spencer,mspencer5t@quantcast.com,Male,10,17,8,17,15
211,Carly,Toms,ctoms5u@opensource.org,Female,16,15,18,19,12
212,Aarika,Whiscard,awhiscard5v@usgs.gov,Polygender,20,9,18,16,15
213,Lissi,Rayne,lrayne5w@oracle.com,Female,11,13,8,18,20
214,Charin,Rolf,crolf5x@joomla.org,Female,15,17,19,17,20
215,Job,Ibbitson,jibbitson5y@symantec.com,Male,11,18,17,16,19
216,Harri,Doeg,hdoeg5z@goo.gl,Female,16,19,11,12,16
217,Bridget,Verheyden,bverheyden60@reference.com,Female,14,13,13,13,20
218,Rhetta,Norkutt,rnorkutt61@drupal.org,Female,16,14,10,14,17
219,Anne-marie,Hub,ahub62@phoca.cz,Female,14,18,14,11,14
220,Allyn,Kinnerley,akinnerley63@dedecms.com,Polygender,10,9,17,20,19
221,Abdel,Challice,achallice64@w3.org,Male,12,12,12,11,19
222,Isac,Prestidge,iprestidge65@smugmug.com,Male,12,14,15,16,13
223,Sutherland,Jeynes,sjeynes66@hc360.com,Male,13,17,16,12,20
224,Dolf,Cammoile,dcammoile67@state.gov,Male,12,16,20,10,16
225,Lilian,Olyfat,lolyfat68@hugedomains.com,Female,20,10,19,13,19
226,Darya,Thripp,dthripp69@columbia.edu,Female,19,14,10,10,16
227,Steffie,Mulqueen,smulqueen6a@hhs.gov,Female,11,13,20,19,15
228,Elwyn,Wisniewski,ewisniewski6b@cnn.com,Male,13,20,14,16,19
229,Elwin,Gerriessen,egerriessen6c@google.pl,Male,19,20,15,15,15
230,Karlie,Georgins,kgeorgins6d@ask.com,Female,12,19,11,20,17
231,Miguelita,Scarratt,mscarratt6e@businesswire.com,Female,15,12,13,11,18
232,Hobart,Camili,hcamili6f@arstechnica.com,Male,20,16,12,11,18
233,Karlik,Stobart,kstobart6g@theatlantic.com,Male,10,12,18,10,17
234,Eddi,Harbison,eharbison6h@smh.com.au,Female,10,14,8,20,15
235,Ardelle,Knock,aknock6i@issuu.com,Female,20,12,19,17,17
236,Allis,Pellitt,apellitt6j@google.co.uk,Polygender,17,11,18,18,17
237,Mile,Sanpher,msanpher6k@t-online.de,Male,18,14,9,10,20
238,Angelica,Corker,acorker6l@bandcamp.com,Female,12,13,19,13,16
239,Johnath,Maclean,jmaclean6m@canalblog.com,Female,19,10,17,14,13
240,Addy,Efford,aefford6n@symantec.com,Male,14,17,11,20,14
241,Marcel,Beebis,mbeebis6o@lulu.com,Genderqueer,18,15,11,20,20
242,Lenard,Scutching,lscutching6p@nydailynews.com,Male,11,10,17,20,19
243,Rhodie,Jelphs,rjelphs6q@webmd.com,Female,13,15,10,16,12
244,Garvy,Annice,gannice6r@si.edu,Genderqueer,17,10,11,18,12
245,Abraham,Stud,astud6s@goo.ne.jp,Male,13,20,18,20,12
246,Mikaela,Crevagh,mcrevagh6t@indiatimes.com,Female,14,17,13,17,17
247,Star,Southon,ssouthon6u@fc2.com,Genderqueer,15,18,18,20,13
248,Gena,Ortega,gortega6v@usda.gov,Female,10,18,15,14,12
249,Sheelagh,Gannicleff,sgannicleff6w@lulu.com,Polygender,15,12,15,19,13
250,Ula,Dameisele,udameisele6x@google.com.au,Female,20,18,14,17,19
251,Clark,Humbert,chumbert6y@sitemeter.com,Male,19,9,17,17,19
252,Augustine,Chansonnau,achansonnau6z@nydailynews.com,Female,17,11,10,14,20
253,Arden,Mengo,amengo70@ask.com,Female,10,16,12,12,13
254,Cynthie,Farlowe,cfarlowe71@amazon.de,Female,20,11,9,18,14
255,Lanae,Jorgesen,ljorgesen72@sun.com,Female,13,15,10,19,16
256,Gabbie,Gotcliffe,ggotcliffe73@java.com,Male,18,13,12,13,14
257,Christine,Vockins,cvockins74@tinypic.com,Genderqueer,11,12,13,13,17
258,Martin,Iredale,miredale75@pcworld.com,Male,11,18,18,11,18
259,Lea,Brisland,lbrisland76@flickr.com,Female,11,19,11,10,16
260,Mathe,Ourtic,mourtic77@china.com.cn,Male,17,14,14,16,13
261,Grayce,Furmonger,gfurmonger78@sourceforge.net,Female,14,13,10,15,16
262,Nydia,Iacabucci,niacabucci79@barnesandnoble.com,Genderqueer,18,16,11,15,14
263,Abey,Kubasek,akubasek7a@illinois.edu,Male,18,15,10,15,16
264,Willi,Wetherald,wwetherald7b@purevolume.com,Male,18,18,12,19,14
265,Richardo,Marzelle,rmarzelle7c@linkedin.com,Male,12,17,14,11,19
266,Joya,Rundle,jrundle7d@blinklist.com,Female,10,20,10,11,16
267,Odelle,Birtonshaw,obirtonshaw7e@ycombinator.com,Female,12,12,12,12,19
268,Hallie,Peele,hpeele7f@cdc.gov,Female,15,20,20,18,20
269,Billie,Fley,bfley7g@tuttocitta.it,Male,17,15,19,10,15
270,Essa,Zappel,ezappel7h@lulu.com,Female,14,11,12,12,13
271,Carilyn,Priter,cpriter7i@t-online.de,Female,11,14,11,11,19
272,Martie,Siemon,msiemon7j@examiner.com,Male,18,19,9,15,20
273,Nadia,Craister,ncraister7k@quantcast.com,Female,15,15,17,13,20
274,Buddie,Morat,bmorat7l@paginegialle.it,Polygender,10,9,20,16,12
275,Nollie,Simukov,nsimukov7m@desdev.cn,Female,16,16,15,12,13
276,Beale,Venus,bvenus7n@reference.com,Male,15,9,17,15,20
277,Gianni,Khan,gkhan7o@joomla.org,Male,14,13,8,19,16
278,Berkley,Gabbidon,bgabbidon7p@myspace.com,Male,14,12,15,17,17
279,Winfield,Strettell,wstrettell7q@msu.edu,Male,19,12,13,19,19
280,Thea,Shiell,tshiell7r@yandex.ru,Female,20,18,8,14,20
281,Uta,Flinn,uflinn7s@omniture.com,Female,20,18,16,13,14
282,Dee,Teanby,dteanby7t@china.com.cn,Female,19,19,18,20,12
283,Gavra,Martignon,gmartignon7u@furl.net,Female,19,11,12,16,12
284,Merrick,Flint,mflint7v@amazon.com,Male,15,11,8,11,12
285,Killian,Pallister,kpallister7w@a8.net,Male,13,16,17,12,17
286,Berton,Guyot,bguyot7x@slate.com,Genderfluid,14,12,17,10,15
287,Artemis,Levet,alevet7y@who.int,Male,16,18,15,14,20
288,Heda,Dumper,hdumper7z@biglobe.ne.jp,Female,16,19,9,20,17
289,Kirbee,Vivash,kvivash80@dion.ne.jp,Female,19,13,16,14,20
290,Heidie,Moorman,hmoorman81@macromedia.com,Female,20,16,13,19,17
291,Adriaens,Coraini,acoraini82@sitemeter.com,Female,15,11,10,16,20
292,Ferris,Okroy,fokroy83@salon.com,Male,20,10,12,12,12
293,Sherie,Tidy,stidy84@dailymotion.com,Agender,19,18,13,16,18
294,Adella,Habens,ahabens85@twitpic.com,Female,17,20,14,13,15
295,Pincas,Cushelly,pcushelly86@fema.gov,Agender,14,16,18,18,13
296,Lem,Shivlin,lshivlin87@marriott.com,Male,20,17,9,14,13
297,Erna,Smiths,esmiths88@jimdo.com,Female,12,17,11,20,14
298,Lelah,Duplock,lduplock89@marketwatch.com,Female,10,20,17,11,12
299,Kira,Doohey,kdoohey8a@ocn.ne.jp,Female,19,16,8,15,15
300,Byrom,Cufley,bcufley8b@soundcloud.com,Male,16,20,15,11,12
301,Sharl,Endon,sendon8c@pinterest.com,Female,16,20,20,12,17
302,Benoite,Rigolle,brigolle8d@howstuffworks.com,Female,11,15,11,15,17
303,Ezra,Woolacott,ewoolacott8e@nymag.com,Male,13,18,18,20,15
304,Ellery,Massy,emassy8f@redcross.org,Male,20,9,8,17,13
305,Doroteya,Harbour,dharbour8g@dell.com,Female,14,13,14,14,16
306,Judd,Franzetti,jfranzetti8h@rambler.ru,Male,20,12,13,18,19
307,Wolfie,Tinline,wtinline8i@domainmarket.com,Male,17,18,19,20,18
308,Morey,Lagne,mlagne8j@java.com,Male,10,15,14,17,18
309,Kennith,Kunkler,kkunkler8k@ibm.com,Male,17,9,13,19,15
310,Keefe,Freake,kfreake8l@feedburner.com,Male,17,10,10,10,19
311,Bettina,Dinwoodie,bdinwoodie8m@smh.com.au,Female,16,12,9,11,12
312,Yasmeen,Bullen,ybullen8n@slashdot.org,Female,15,19,17,16,14
313,Carilyn,Charlin,ccharlin8o@marriott.com,Female,19,20,18,10,13
314,Philomena,Shippard,pshippard8p@oakley.com,Female,12,15,18,15,20
315,Dicky,Simak,dsimak8q@free.fr,Male,13,18,9,19,14
316,Cristine,Etock,cetock8r@sfgate.com,Female,14,14,17,11,18
317,Martelle,Hannis,mhannis8s@goo.ne.jp,Female,18,11,12,11,19
318,Vonnie,Stoker,vstoker8t@marriott.com,Female,12,9,17,17,15
319,Arie,Panchin,apanchin8u@reddit.com,Male,14,10,19,10,15
320,Shauna,Blest,sblest8v@time.com,Female,19,18,14,11,20
321,Brad,Anker,banker8w@cbsnews.com,Male,16,13,20,10,13
322,Chicky,De Malchar,cdemalchar8x@admin.ch,Male,20,13,17,20,15
323,Marcille,Grieve,mgrieve8y@blogger.com,Female,13,17,16,14,16
324,Ettore,Azema,eazema8z@privacy.gov.au,Male,17,17,20,15,20
325,Odella,Holborn,oholborn90@unblog.fr,Non-binary,16,18,19,18,18
326,Orlando,Gounard,ogounard91@tiny.cc,Male,19,12,9,18,18
327,Ursa,Brazier,ubrazier92@kickstarter.com,Female,19,12,12,12,19
328,Giles,Bilbie,gbilbie93@abc.net.au,Male,15,16,16,20,13
329,Papageno,Shallcross,pshallcross94@canalblog.com,Male,16,14,11,17,19
330,Millard,Ineson,mineson95@nbcnews.com,Male,12,13,13,19,17
331,Dody,Denman,ddenman96@webs.com,Female,19,15,20,12,14
332,Lia,Udey,ludey97@umn.edu,Female,18,15,9,11,12
333,Lorry,Hanby,lhanby98@buzzfeed.com,Male,12,9,10,12,15
334,Kelsi,Hartropp,khartropp99@ycombinator.com,Female,13,20,8,14,12
335,Minnie,Bartolomivis,mbartolomivis9a@umich.edu,Female,10,15,10,17,17
336,Rachael,Grennan,rgrennan9b@nationalgeographic.com,Female,11,11,9,11,14
337,Sibby,Senogles,ssenogles9c@microsoft.com,Female,18,15,15,12,15
338,Pammi,Cirlos,pcirlos9d@privacy.gov.au,Female,13,20,13,20,13
339,Vlad,Mitrikhin,vmitrikhin9e@ehow.com,Male,14,9,9,13,18
340,Rica,Olivello,rolivello9f@europa.eu,Female,12,17,16,17,16
341,Ryann,Laborde,rlaborde9g@hibu.com,Female,11,13,8,13,16
342,Gillie,Klimus,gklimus9h@apache.org,Female,16,9,19,19,18
343,Holmes,Aizikovitz,haizikovitz9i@squidoo.com,Male,11,11,9,11,18
344,Paige,Goaks,pgoaks9j@census.gov,Male,11,18,16,16,12
345,Odelinda,Saipy,osaipy9k@google.fr,Female,19,19,11,10,17
346,Ileana,Cavil,icavil9l@apache.org,Female,10,17,12,14,16
347,Gayelord,Olennikov,golennikov9m@liveinternet.ru,Male,11,13,13,15,15
348,Jacynth,Rouge,jrouge9n@miitbeian.gov.cn,Female,19,11,11,17,17
349,Olympie,Lauderdale,olauderdale9o@opera.com,Female,13,11,20,18,19
350,Corella,O'Flynn,coflynn9p@rakuten.co.jp,Female,14,13,16,11,18
351,Gena,Gifkins,ggifkins9q@youtu.be,Female,12,13,20,14,18
352,Fred,Stollwerk,fstollwerk9r@forbes.com,Male,14,18,11,18,12
353,Donavon,Tarbett,dtarbett9s@vistaprint.com,Male,19,19,9,10,20
354,Jae,McNeillie,jmcneillie9t@blinklist.com,Male,10,15,9,14,13
355,Alanson,Gronou,agronou9u@geocities.com,Male,10,19,10,18,16
356,Randi,Thorley,rthorley9v@mtv.com,Male,14,14,20,20,12
357,Rowan,Croke,rcroke9w@buzzfeed.com,Male,11,13,13,15,18
358,Stearne,Griffiths,sgriffiths9x@unblog.fr,Genderfluid,17,17,17,19,16
359,Janaya,Ferrelli,jferrelli9y@omniture.com,Genderfluid,17,16,19,11,18
360,Michelle,Letham,mletham9z@taobao.com,Female,11,15,13,11,19
361,Paulie,Slyne,pslynea0@networksolutions.com,Polygender,13,10,16,19,19
362,Lorettalorna,Clayal,lclayala1@fema.gov,Female,20,18,17,18,20
363,Shellie,Fawson,sfawsona2@blogger.com,Female,17,9,11,15,13
364,Brocky,Keyme,bkeymea3@dagondesign.com,Male,10,13,9,14,12
365,Vasili,Campana,vcampanaa4@fema.gov,Male,18,10,20,14,15
366,See,Jelf,sjelfa5@barnesandnoble.com,Male,15,12,19,15,20
367,Peggi,Dymott,pdymotta6@opensource.org,Agender,19,20,18,16,13
368,Elton,Bossom,ebossoma7@google.co.uk,Male,13,14,15,10,14
369,Cyril,Greenman,cgreenmana8@merriam-webster.com,Male,12,15,17,11,12
370,Cate,McCard,cmccarda9@buzzfeed.com,Female,14,12,11,16,18
371,Sheffield,Taks,staksaa@bluehost.com,Male,16,9,8,13,12
372,Mozes,Scamadin,mscamadinab@amazon.co.uk,Male,13,20,17,12,12
373,Ev,Ganniclifft,eganniclifftac@networkadvertising.org,Male,12,20,19,10,16
374,Verile,Baden,vbadenad@elpais.com,Female,16,20,12,12,13
375,Laughton,Tofpik,ltofpikae@prlog.org,Male,15,13,16,18,15
376,Sher,Sharvill,ssharvillaf@timesonline.co.uk,Female,13,11,16,17,20
377,Cissy,Ledes,cledesag@cam.ac.uk,Female,12,18,11,19,19
378,Linette,Mynett,lmynettah@prnewswire.com,Female,14,11,17,17,13
379,Mathew,Brodnecke,mbrodneckeai@google.fr,Male,14,11,10,13,18
380,Jenica,Mallia,jmalliaaj@t-online.de,Female,16,19,20,16,20
381,Joleen,Benezet,jbenezetak@shinystat.com,Female,16,20,9,17,15
382,Devina,Emlen,demlenal@apple.com,Female,13,16,8,11,20
383,Dewitt,Sharman,dsharmanam@reverbnation.com,Male,14,16,19,15,15
384,Debby,Clapston,dclapstonan@squarespace.com,Female,13,20,19,16,14
385,Gil,Skehens,gskehensao@tuttocitta.it,Male,13,17,11,10,20
386,Ysabel,Knapman,yknapmanap@comcast.net,Female,18,12,10,15,15
387,Corny,Huckle,chuckleaq@opera.com,Female,20,10,20,11,12
388,Sandra,Syson,ssysonar@amazon.com,Female,19,15,15,15,20
389,Jaymee,Jenney,jjenneyas@facebook.com,Female,15,19,19,17,19
390,Flinn,Gealle,fgealleat@ox.ac.uk,Male,15,20,16,13,13
391,Phil,Grece,pgreceau@tripod.com,Male,18,9,13,15,14
392,Aigneis,Robertacci,arobertacciav@craigslist.org,Female,17,17,11,16,18
393,Shirl,Vella,svellaaw@smh.com.au,Female,13,13,20,14,14
394,Natividad,Goschalk,ngoschalkax@businessweek.com,Female,18,13,11,17,20
395,Selby,Jakubovics,sjakubovicsay@bbb.org,Male,18,13,16,13,20
396,Hazel,Skitch,hskitchaz@delicious.com,Female,20,20,17,10,14
397,Rhodia,Riepel,rriepelb0@redcross.org,Female,17,11,19,14,16
398,Etti,Vigers,evigersb1@constantcontact.com,Female,20,20,8,13,14
399,Orton,Kenny,okennyb2@alibaba.com,Male,15,11,9,20,14
400,Arin,Tavinor,atavinorb3@slate.com,Agender,13,14,18,18,18
401,Isobel,Wintersgill,iwintersgillb4@ask.com,Female,12,10,11,11,15
402,Damien,Clemas,dclemasb5@google.it,Polygender,11,17,12,11,16
403,Ortensia,Speeding,ospeedingb6@purevolume.com,Female,17,16,12,19,14
404,Forrest,Domingues,fdominguesb7@engadget.com,Male,10,14,9,19,17
405,Merrel,Matzeitis,mmatzeitisb8@miitbeian.gov.cn,Polygender,19,15,10,10,12
406,Dotty,Tembey,dtembeyb9@usa.gov,Female,16,12,17,15,16
407,Cristionna,MacCoughan,cmaccoughanba@seattletimes.com,Female,16,19,12,10,13
408,Caralie,Tatnell,ctatnellbb@ca.gov,Female,12,9,9,15,15
409,Ron,Alebrooke,ralebrookebc@themeforest.net,Male,12,20,12,13,12
410,Orion,Ferne,ofernebd@sohu.com,Male,11,10,11,19,14
411,Clare,Farragher,cfarragherbe@flavors.me,Male,18,19,15,20,13
412,Kev,Aitcheson,kaitchesonbf@cnbc.com,Male,13,16,20,18,13
413,Gaylor,Furmage,gfurmagebg@shutterfly.com,Male,13,12,16,10,20
414,Bunni,Lansly,blanslybh@dot.gov,Female,16,17,10,13,16
415,Aldus,Jannequin,ajannequinbi@ted.com,Male,20,10,18,20,13
416,Kirby,Archard,karchardbj@mapquest.com,Male,13,9,14,17,13
417,Joey,Gilhooly,jgilhoolybk@oracle.com,Male,15,16,14,18,19
418,Emlynne,Petrescu,epetrescubl@phoca.cz,Genderfluid,17,20,17,20,17
419,Hortense,Gradly,hgradlybm@prweb.com,Female,20,14,15,14,18
420,Fidel,Zannolli,fzannollibn@seesaa.net,Genderqueer,19,18,8,11,12
421,Thain,Tender,ttenderbo@e-recht24.de,Male,10,16,8,12,18
422,Vin,Episcopio,vepiscopiobp@istockphoto.com,Male,17,15,19,11,19
423,Cathlene,Marner,cmarnerbq@seesaa.net,Female,13,13,12,15,16
424,Marv,Zaczek,mzaczekbr@wufoo.com,Male,19,20,12,14,13
425,Salaidh,MacCosty,smaccostybs@nps.gov,Female,10,9,8,16,16
426,Murvyn,Cyson,mcysonbt@github.com,Male,16,19,11,12,17
427,Ricard,Lightowler,rlightowlerbu@e-recht24.de,Male,13,13,12,10,13
428,Duky,Moors,dmoorsbv@hp.com,Male,13,17,17,13,19
429,Leonelle,Seviour,lseviourbw@t-online.de,Female,19,17,17,10,17
430,Rickey,Pellman,rpellmanbx@si.edu,Male,14,19,8,20,19
431,Kerstin,Casotti,kcasottiby@hostgator.com,Female,15,13,12,15,14
432,Tish,Micheli,tmichelibz@jugem.jp,Female,10,16,9,10,17
433,Maurizio,Windless,mwindlessc0@mozilla.org,Male,20,12,18,19,13
434,Jodee,Martinez,jmartinezc1@flavors.me,Polygender,10,19,9,11,17
435,Ashli,Goodrick,agoodrickc2@arizona.edu,Female,19,16,17,15,18
436,Ring,Smallpeace,rsmallpeacec3@sciencedaily.com,Male,13,9,11,18,17
437,Falito,Raddenbury,fraddenburyc4@cargocollective.com,Male,19,15,15,14,20
438,Lucine,Form,lformc5@mapquest.com,Female,12,15,13,18,20
439,Kassia,Kwietek,kkwietekc6@nhs.uk,Female,15,20,18,15,14
440,Martguerita,Stebles,msteblesc7@altervista.org,Female,17,11,12,16,15
441,Dalt,O'Keaveny,dokeavenyc8@shutterfly.com,Male,15,14,13,10,17
442,Vin,Lusgdin,vlusgdinc9@elegantthemes.com,Female,11,14,14,12,15
443,Remus,Jealous,rjealousca@surveymonkey.com,Male,12,10,13,10,16
444,Dido,Plowman,dplowmancb@usnews.com,Female,20,14,8,14,12
445,Alistair,Grimmer,agrimmercc@t-online.de,Male,18,10,9,20,20
446,Wainwright,Waleworke,wwaleworkecd@ebay.com,Male,19,11,19,17,18
447,Nydia,Rigglesford,nrigglesfordce@sfgate.com,Female,12,13,17,10,12
448,Torry,Bernuzzi,tbernuzzicf@amazon.co.jp,Non-binary,16,19,13,11,16
449,Jodie,Rule,jrulecg@kickstarter.com,Male,14,19,13,10,18
450,Mikkel,Hoyte,mhoytech@smugmug.com,Male,20,12,8,16,12
451,Corbett,Dickon,cdickonci@stumbleupon.com,Male,16,9,17,10,20
452,Granger,Zannelli,gzannellicj@studiopress.com,Bigender,14,20,20,12,14
453,Jereme,Doble,jdobleck@mediafire.com,Male,17,17,12,17,14
454,Derward,Streader,dstreadercl@topsy.com,Male,17,16,9,10,16
455,Wendel,Yoxall,wyoxallcm@tripadvisor.com,Polygender,19,16,19,10,12
456,Sanders,Cosgrove,scosgrovecn@mail.ru,Male,14,13,11,10,19
457,Kimble,Stille,kstilleco@globo.com,Male,10,17,18,16,18
458,Fernandina,Danilovitch,fdanilovitchcp@nbcnews.com,Female,15,14,14,17,15
459,Raymund,Markus,rmarkuscq@digg.com,Agender,18,18,8,18,18
460,Humberto,St. John,hstjohncr@tripadvisor.com,Male,14,14,18,10,12
461,Marijo,Bovey,mboveycs@theatlantic.com,Female,18,14,8,20,19
462,Ardys,Thundercliffe,athundercliffect@microsoft.com,Female,16,18,15,17,17
463,Aluin,Hessel,ahesselcu@cbc.ca,Male,14,19,16,13,14
464,Jobi,Balleine,jballeinecv@latimes.com,Female,11,16,8,16,17
465,Roxana,Scartifield,rscartifieldcw@nbcnews.com,Female,17,17,15,15,13
466,Mortimer,McGaraghan,mmcgaraghancx@boston.com,Male,11,12,20,13,17
467,Neysa,McAnalley,nmcanalleycy@hexun.com,Female,16,15,17,10,17
468,Shem,MacConneely,smacconneelycz@jugem.jp,Male,14,19,17,12,16
469,Nonie,Heimes,nheimesd0@wufoo.com,Genderqueer,15,14,8,13,20
470,Roxanna,Cherrie,rcherried1@printfriendly.com,Female,11,12,11,14,14
471,Mag,Brameld,mbrameldd2@histats.com,Female,17,15,19,12,15
472,Aleda,Simnel,asimneld3@paypal.com,Female,11,9,15,15,16
473,Carey,Iannelli,ciannellid4@bravesites.com,Female,13,10,17,17,12
474,Benedikta,Doore,bdoored5@networksolutions.com,Female,20,11,16,11,17
475,Keelia,Arnull,karnulld6@sciencedaily.com,Female,16,12,15,20,20
476,Raleigh,Nuemann,rnuemannd7@paginegialle.it,Male,17,11,19,10,13
477,Vern,Regglar,vregglard8@earthlink.net,Male,19,14,10,18,12
478,Cointon,Morrid,cmorridd9@amazon.co.jp,Male,17,11,14,13,14
479,Traci,Bremeyer,tbremeyerda@pen.io,Female,20,12,12,13,14
480,Torie,Jans,tjansdb@cbc.ca,Female,16,10,8,15,16
481,Gordon,Wardle,gwardledc@addtoany.com,Male,12,12,8,11,16
482,Jonie,Kobera,jkoberadd@auda.org.au,Female,15,15,19,13,13
483,Rutger,Saphin,rsaphinde@geocities.jp,Male,15,15,9,16,18
484,Sheff,Di Boldi,sdiboldidf@jalbum.net,Male,20,9,17,13,15
485,Bab,Cockley,bcockleydg@trellian.com,Female,12,13,9,14,15
486,Rhianna,Giamo,rgiamodh@nsw.gov.au,Female,15,18,9,12,15
487,Teodoor,Garbott,tgarbottdi@ycombinator.com,Male,16,20,13,19,13
488,Abelard,Garlee,agarleedj@sogou.com,Male,16,9,18,20,19
489,Elaine,Dyett,edyettdk@pagesperso-orange.fr,Female,16,18,12,13,13
490,Carlie,Mooney,cmooneydl@e-recht24.de,Male,17,12,18,16,18
491,Nikolas,Lacotte,nlacottedm@npr.org,Male,12,17,13,18,19
492,Dean,Bulmer,dbulmerdn@google.com,Male,18,11,9,12,16
493,Ambur,Gauntley,agauntleydo@cafepress.com,Female,14,13,10,15,12
494,Madlin,L'Amie,mlamiedp@liveinternet.ru,Female,12,10,17,20,17
495,Shea,Ferrario,sferrariodq@twitpic.com,Agender,14,14,19,11,19
496,Lockwood,Mourant,lmourantdr@auda.org.au,Male,16,11,18,15,19
497,Genevieve,Hedger,ghedgerds@oracle.com,Genderfluid,11,19,17,12,14
498,Morgen,Wass,mwassdt@soup.io,Male,14,14,9,18,14
499,Valentin,Kiddle,vkiddledu@sina.com.cn,Male,11,16,20,16,13
500,Theodor,Cunliffe,tcunliffedv@noaa.gov,Male,13,15,16,14,13
501,Aloysia,McCurry,amccurrydw@narod.ru,Female,11,17,8,16,14
502,Idette,Whiting,iwhitingdx@meetup.com,Female,11,17,16,18,14
503,Lissy,Anselmi,lanselmidy@yandex.ru,Female,16,16,18,18,14
504,Emilio,Cattlemull,ecattlemulldz@gmpg.org,Male,18,11,20,12,20
505,Kaiser,Joliffe,kjoliffee0@amazon.co.jp,Male,11,16,12,20,12
506,Annadiane,Zorn,azorne1@domainmarket.com,Female,14,14,10,12,17
507,Rochester,Renbold,rrenbolde2@upenn.edu,Male,20,9,10,18,14
508,Arthur,Linny,alinnye3@webs.com,Male,15,18,11,15,17
509,Kayle,MacKay,kmackaye4@opera.com,Female,17,14,17,12,19
510,Doloritas,Espinheira,despinheirae5@posterous.com,Female,18,19,13,10,16
511,Mela,Blanning,mblanninge6@1688.com,Female,11,13,9,19,16
512,Craig,von Grollmann,cvongrollmanne7@alibaba.com,Male,20,9,11,13,18
513,Wally,Nelthorpe,wnelthorpee8@slideshare.net,Female,13,19,15,13,13
514,Kevon,Drakeley,kdrakeleye9@thetimes.co.uk,Male,12,15,10,19,16
515,Jedd,Smither,jsmitherea@howstuffworks.com,Male,20,16,17,18,16
516,Jeniece,Valler,jvallereb@geocities.jp,Female,17,19,13,19,12
517,Josee,Foreman,jforemanec@yellowpages.com,Polygender,12,18,16,15,20
518,Ailyn,Pocock,apococked@dion.ne.jp,Female,13,9,14,17,14
519,Barney,Ayars,bayarsee@weibo.com,Male,20,14,15,16,14
520,Gordy,Mainz,gmainzef@printfriendly.com,Male,12,13,12,19,20
521,Noelani,Lackham,nlackhameg@over-blog.com,Female,18,9,10,13,15
522,Brewster,Rudkin,brudkineh@dagondesign.com,Male,14,17,20,11,15
523,Bibbie,Womack,bwomackei@godaddy.com,Female,19,10,20,15,15
524,Broddie,Francecione,bfrancecioneej@java.com,Male,10,15,19,13,14
525,Rachelle,Belloch,rbellochek@theglobeandmail.com,Female,10,19,19,14,14
526,Goober,Barnardo,gbarnardoel@creativecommons.org,Bigender,15,13,14,14,16
527,Pall,Oluwatoyin,poluwatoyinem@wikia.com,Male,15,15,11,20,15
528,Casey,Partner,cpartneren@about.me,Male,19,9,13,10,12
529,Ema,Kentwell,ekentwelleo@tiny.cc,Female,14,12,8,10,13
530,Larisa,Croad,lcroadep@google.com.hk,Bigender,10,16,18,20,16
531,Ardith,Tomaszewski,atomaszewskieq@pagesperso-orange.fr,Female,15,20,16,15,18
532,Francine,Gatfield,fgatfielder@slideshare.net,Female,20,19,20,15,19
533,Georgine,Ducker,gduckeres@over-blog.com,Female,13,9,13,13,17
534,Sayres,Fendt,sfendtet@npr.org,Male,14,11,13,13,14
535,Jakob,Mityakov,jmityakoveu@deviantart.com,Male,18,17,8,10,15
536,Sigismundo,Pudan,spudanev@reuters.com,Male,17,15,19,12,13
537,Gerhard,Broz,gbrozew@dedecms.com,Male,13,16,18,12,13
538,Pietro,Sheron,psheronex@buzzfeed.com,Male,16,20,19,19,15
539,Beale,Renol,brenoley@com.com,Male,14,20,18,11,18
540,Bram,Mouatt,bmouattez@telegraph.co.uk,Male,16,17,19,17,15
541,Leigh,Cotesford,lcotesfordf0@1688.com,Male,12,15,17,12,19
542,Eugen,Blune,eblunef1@jugem.jp,Male,20,17,16,18,15
543,Gaylene,Strutley,gstrutleyf2@amazon.de,Female,15,9,8,11,18
544,Barbie,Dunston,bdunstonf3@tripod.com,Female,14,9,9,11,18
545,Wilhelmina,Lidgett,wlidgettf4@redcross.org,Female,14,13,8,19,13
546,Lemmy,Geelan,lgeelanf5@angelfire.com,Male,18,18,15,18,19
547,Felicity,Braund,fbraundf6@liveinternet.ru,Female,14,16,8,19,15
548,Barbara-anne,Christmas,bchristmasf7@huffingtonpost.com,Polygender,20,14,8,12,18
549,Sascha,Kob,skobf8@addtoany.com,Male,13,12,13,16,19
550,Brady,Castel,bcastelf9@globo.com,Male,20,9,12,19,18
551,Christina,Hunsworth,chunsworthfa@yellowbook.com,Female,13,18,18,18,20
552,Torin,Minors,tminorsfb@cdc.gov,Male,11,10,16,10,16
553,Vittoria,Addlestone,vaddlestonefc@nsw.gov.au,Female,15,17,12,19,18
554,Basile,Amiss,bamissfd@ameblo.jp,Male,15,19,15,12,16
555,Chrotoem,Rasch,craschfe@prlog.org,Male,15,12,18,20,17
556,Robin,Tomaszek,rtomaszekff@webs.com,Female,12,9,16,16,14
557,Dulcie,Rosenkrantz,drosenkrantzfg@cpanel.net,Bigender,11,9,11,12,16
558,Fred,Rudeforth,frudeforthfh@github.io,Male,16,12,14,17,15
559,Valina,Brawson,vbrawsonfi@vkontakte.ru,Female,18,9,14,13,15
560,Maisey,Hebblethwaite,mhebblethwaitefj@1688.com,Female,17,19,8,12,18
561,Carita,Enoksson,cenokssonfk@reuters.com,Agender,12,11,19,12,16
562,Pyotr,Ledson,pledsonfl@diigo.com,Male,12,19,13,16,15
563,Doyle,Lyall,dlyallfm@timesonline.co.uk,Male,13,15,16,15,18
564,Christian,Statham,cstathamfn@engadget.com,Female,11,17,9,16,12
565,Birch,Ellesmere,bellesmerefo@miitbeian.gov.cn,Male,18,16,19,13,14
566,Baldwin,Waldock,bwaldockfp@sfgate.com,Male,15,16,17,12,20
567,Amata,Forrester,aforresterfq@technorati.com,Female,12,15,20,16,20
568,Valaree,Udden,vuddenfr@ucoz.com,Female,12,13,16,16,18
569,Curtis,d' Elboux,cdelbouxfs@qq.com,Polygender,16,18,15,14,14
570,Robbyn,Davidovich,rdavidovichft@phoca.cz,Female,15,17,18,17,14
571,Patricia,Poplee,ppopleefu@github.com,Female,18,9,11,12,18
572,Kurtis,Albery,kalberyfv@nps.gov,Male,19,18,8,14,13
573,Gay,Topping,gtoppingfw@booking.com,Genderqueer,19,11,10,11,18
574,Dawna,Feeley,dfeeleyfx@sina.com.cn,Female,15,19,10,20,19
575,Patrick,Copcutt,pcopcuttfy@wikia.com,Male,12,14,17,13,12
576,Shaina,D'Onise,sdonisefz@hao123.com,Female,18,19,12,11,15
577,Petronille,Berston,pberstong0@wordpress.com,Female,18,12,15,16,20
578,Lorelei,Lowden,llowdeng1@i2i.jp,Female,12,10,13,11,16
579,Leon,Beggin,lbegging2@squidoo.com,Male,15,12,13,10,14
580,Stacee,Giraudeau,sgiraudeaug3@msn.com,Male,17,14,8,13,17
581,Evanne,Osbiston,eosbistong4@china.com.cn,Female,18,19,11,20,15
582,Bendick,Gatfield,bgatfieldg5@altervista.org,Male,11,9,17,18,12
583,Leia,Benois,lbenoisg6@dmoz.org,Female,12,17,10,18,18
584,Arabelle,Collier,acollierg7@youtu.be,Female,20,19,14,20,20
585,Shannon,Dowty,sdowtyg8@discovery.com,Male,19,19,19,10,17
586,Marinna,Farny,mfarnyg9@house.gov,Female,12,12,18,12,12
587,Janka,Moring,jmoringga@google.ca,Genderfluid,12,9,8,13,18
588,Katrinka,Kleinplatz,kkleinplatzgb@chicagotribune.com,Female,14,16,17,10,18
589,Calley,Leverett,cleverettgc@w3.org,Female,17,14,19,13,19
590,Carolann,Bottoms,cbottomsgd@sohu.com,Female,14,9,20,12,20
591,Rowen,Shapira,rshapirage@ifeng.com,Male,15,11,9,17,13
592,Raquel,Rodenburgh,rrodenburghgf@cdc.gov,Female,16,14,16,11,19
593,Iggie,Henstridge,ihenstridgegg@nytimes.com,Male,10,14,19,18,20
594,Orsa,Gidden,ogiddengh@bigcartel.com,Female,11,20,16,20,13
595,Dario,Witherspoon,dwitherspoongi@plala.or.jp,Male,12,14,12,16,17
596,Philipa,Geleman,pgelemangj@over-blog.com,Female,13,12,16,16,13
597,Isaiah,Chinge de Hals,ichingedehalsgk@taobao.com,Male,16,19,13,14,19
598,Maura,Maile,mmailegl@wikipedia.org,Female,16,10,10,12,19
599,Harrie,Hemeret,hhemeretgm@geocities.jp,Female,17,13,13,20,12
600,Joey,Streeting,jstreetinggn@flavors.me,Female,16,10,14,12,17
601,Sinclare,Jeandel,sjeandelgo@joomla.org,Male,13,15,16,17,17
602,Oliver,Littrick,olittrickgp@biblegateway.com,Male,20,9,17,15,17
603,Morgana,Reynard,mreynardgq@ezinearticles.com,Bigender,20,10,14,15,18
604,Mei,Schust,mschustgr@mashable.com,Female,20,14,11,19,20
605,Meggy,Schwand,mschwandgs@usnews.com,Female,17,11,20,13,13
606,Thelma,Santry,tsantrygt@bbb.org,Female,12,16,20,19,18
607,Ardyce,Battie,abattiegu@storify.com,Non-binary,17,10,11,16,18
608,Alika,Fencott,afencottgv@cdbaby.com,Female,14,17,18,12,14
609,Pauline,Parsall,pparsallgw@weibo.com,Female,12,16,19,14,15
610,Malvin,Excell,mexcellgx@sciencedirect.com,Male,10,9,20,20,13
611,Reuven,Rouby,rroubygy@wikimedia.org,Male,10,20,18,12,18
612,Brigit,Northidge,bnorthidgegz@hud.gov,Female,11,10,13,20,20
613,Ely,Espinay,eespinayh0@domainmarket.com,Male,14,9,8,20,19
614,Jedidiah,Gronow,jgronowh1@nbcnews.com,Male,13,10,18,15,12
615,Nicoline,Antuk,nantukh2@wp.com,Female,14,12,19,13,19
616,Maitilde,Brewer,mbrewerh3@weather.com,Female,14,10,11,12,14
617,Ethelyn,Burniston,eburnistonh4@apache.org,Female,12,11,19,10,18
618,Neda,O'Boyle,noboyleh5@posterous.com,Female,17,12,16,18,13
619,Faythe,Keemer,fkeemerh6@flavors.me,Female,18,10,11,11,19
620,Pavlov,Goane,pgoaneh7@ted.com,Male,20,16,11,10,13
621,Stefa,Leavens,sleavensh8@omniture.com,Agender,17,16,16,11,19
622,Dania,Attwater,dattwaterh9@nature.com,Female,10,14,14,20,13
623,Benedicto,Cadd,bcaddha@dedecms.com,Genderfluid,17,16,19,15,12
624,Torie,Wynch,twynchhb@uiuc.edu,Female,20,11,16,11,14
625,Sigfried,Kenn,skennhc@angelfire.com,Male,20,16,19,17,14
626,Darius,Lambird,dlambirdhd@amazon.com,Male,16,20,16,17,19
627,Benji,Karolovsky,bkarolovskyhe@discovery.com,Male,19,19,11,19,16
628,Maurice,Caplan,mcaplanhf@squarespace.com,Male,15,18,14,20,12
629,Phyllida,Miskin,pmiskinhg@livejournal.com,Agender,17,15,17,15,17
630,Stefania,Fray,sfrayhh@seattletimes.com,Female,19,12,16,19,12
631,Ephrem,Rigby,erigbyhi@live.com,Male,20,14,8,14,20
632,Pace,McKnish,pmcknishhj@ox.ac.uk,Male,17,9,8,19,19
633,Merrie,Bahls,mbahlshk@apache.org,Female,17,10,13,17,13
634,Kenna,Readie,kreadiehl@purevolume.com,Female,15,20,13,10,13
635,Eduino,Bettridge,ebettridgehm@washington.edu,Genderfluid,11,15,10,15,12
636,Merill,M'Chirrie,mmchirriehn@loc.gov,Male,16,10,17,11,15
637,Bern,Groome,bgroomeho@soundcloud.com,Male,19,20,9,16,17
638,Lannie,Beausang,lbeausanghp@ifeng.com,Male,12,9,10,12,17
639,Clark,Pickring,cpickringhq@ed.gov,Male,11,14,12,18,18
640,Cally,Abrahamsen,cabrahamsenhr@house.gov,Female,20,17,15,20,13
641,Gibb,Langcaster,glangcasterhs@about.me,Male,14,11,19,17,14
642,Austine,Stoker,astokerht@hud.gov,Female,17,18,9,13,17
643,Reg,Chittem,rchittemhu@163.com,Male,11,14,12,16,15
644,Baillie,Baraclough,bbaracloughhv@google.de,Male,10,13,16,11,12
645,Greg,Fitzsimmons,gfitzsimmonshw@ebay.co.uk,Male,12,10,16,15,12
646,Merwin,McWhan,mmcwhanhx@bbc.co.uk,Male,17,12,20,14,13
647,Cassy,Grinnov,cgrinnovhy@redcross.org,Female,14,10,11,20,18
648,Olag,Murkitt,omurkitthz@google.com.au,Male,20,15,16,11,17
649,Lauren,MacKonochie,lmackonochiei0@nhs.uk,Male,12,9,15,11,18
650,Klarika,Scarffe,kscarffei1@hubpages.com,Bigender,18,18,11,13,18
651,Ruddy,Holberry,rholberryi2@i2i.jp,Male,10,12,15,15,17
652,Clyde,Jirasek,cjiraseki3@theatlantic.com,Male,13,14,12,13,12
653,Man,Kirrage,mkirragei4@de.vu,Male,14,20,8,14,13
654,Dennison,Croot,dcrooti5@ask.com,Male,19,19,11,17,18
655,Virge,Uccello,vuccelloi6@istockphoto.com,Male,19,14,18,19,14
656,Elana,de Merida,edemeridai7@indiegogo.com,Female,16,18,8,15,14
657,Cirillo,Hoofe,choofei8@oracle.com,Male,14,9,8,16,19
658,Bekki,Sterman,bstermani9@addtoany.com,Female,12,10,13,12,13
659,Rona,Neild,rneildia@edublogs.org,Female,13,17,8,19,17
660,Pennie,Gherarducci,pgherarducciib@histats.com,Male,14,19,10,11,13
661,Koo,Secret,ksecretic@topsy.com,Female,20,13,12,14,12
662,Gabbie,Takkos,gtakkosid@rambler.ru,Male,15,19,20,19,12
663,Cassondra,Govey,cgoveyie@columbia.edu,Polygender,19,11,16,16,12
664,Clive,Huie,chuieif@theglobeandmail.com,Agender,19,15,18,12,13
665,Riki,Passby,rpassbyig@vistaprint.com,Female,13,17,10,14,17
666,Elva,Muddiman,emuddimanih@altervista.org,Female,20,13,11,13,14
667,Oberon,Thorowgood,othorowgoodii@ibm.com,Male,14,11,20,18,20
668,Hugues,Gosnoll,hgosnollij@wordpress.org,Male,18,9,11,15,14
669,Wat,Evason,wevasonik@upenn.edu,Male,13,9,18,18,15
670,Christophe,Elstub,celstubil@rambler.ru,Male,14,11,12,11,18
671,Hayden,Aireton,hairetonim@buzzfeed.com,Male,15,11,16,13,14
672,Melina,Lamey,mlameyin@wired.com,Female,10,12,18,18,13
673,Wadsworth,Airs,wairsio@networkadvertising.org,Genderfluid,20,18,9,16,17
674,Sholom,Sidworth,ssidworthip@springer.com,Male,17,9,19,16,12
675,Marquita,Retallack,mretallackiq@dailymail.co.uk,Female,10,18,17,12,17
676,Alisha,Bust,abustir@hhs.gov,Female,10,18,10,13,20
677,Gabriela,Road,groadis@geocities.com,Female,17,11,17,17,19
678,Gwenni,Mann,gmannit@telegraph.co.uk,Female,15,14,18,10,20
679,Dom,Kiehl,dkiehliu@stumbleupon.com,Male,19,18,14,12,20
680,Mill,McCall,mmccalliv@soup.io,Male,13,12,14,19,15
681,Justino,Jerzak,jjerzakiw@techcrunch.com,Male,17,19,19,18,18
682,Bord,Norcross,bnorcrossix@yahoo.com,Non-binary,10,16,12,19,14
683,Hildy,Linscott,hlinscottiy@dagondesign.com,Female,13,20,11,13,20
684,Weidar,Holdworth,wholdworthiz@nifty.com,Male,10,19,14,13,15
685,Shela,Kersey,skerseyj0@google.it,Female,17,10,11,15,12
686,Ursulina,Stovin,ustovinj1@imdb.com,Female,10,11,14,19,19
687,Vanna,Lednor,vlednorj2@dropbox.com,Female,16,12,8,13,13
688,Richmond,Tolomei,rtolomeij3@blogs.com,Male,15,9,9,13,15
689,Godwin,Asman,gasmanj4@smh.com.au,Bigender,19,17,12,10,18
690,Siouxie,Scawton,sscawtonj5@xing.com,Genderqueer,10,15,9,19,15
691,Christophe,Cornfield,ccornfieldj6@whitehouse.gov,Male,13,19,12,18,14
692,Karylin,Danbi,kdanbij7@trellian.com,Polygender,13,20,11,11,12
693,Anatola,Ranger,arangerj8@utexas.edu,Non-binary,10,19,8,20,18
694,King,McClurg,kmcclurgj9@wiley.com,Male,17,10,8,11,13
695,Kenna,Gotmann,kgotmannja@zdnet.com,Female,10,13,17,15,15
696,Giffard,Parriss,gparrissjb@nydailynews.com,Male,15,10,19,13,14
697,Danila,Curtoys,dcurtoysjc@pinterest.com,Female,10,18,11,18,12
698,Jamesy,Stebbings,jstebbingsjd@nydailynews.com,Male,11,11,12,17,12
699,Ludwig,Inglesfield,linglesfieldje@wordpress.org,Male,12,13,9,11,14
700,Sherwin,Bosnell,sbosnelljf@webmd.com,Male,15,18,8,17,13
701,Jammal,Brosh,jbroshjg@odnoklassniki.ru,Male,10,20,19,11,15
702,Blinnie,Scutter,bscutterjh@unc.edu,Female,14,10,12,17,20
703,Pieter,McManus,pmcmanusji@vinaora.com,Male,11,10,18,14,13
704,Luci,Paolazzi,lpaolazzijj@gnu.org,Genderfluid,18,13,16,12,15
705,Frannie,Stennes,fstennesjk@squarespace.com,Female,19,12,8,12,12
706,Merilee,Coweuppe,mcoweuppejl@samsung.com,Female,14,19,14,10,13
707,Waldemar,Vannikov,wvannikovjm@intel.com,Male,16,16,16,18,16
708,Armando,Perigeaux,aperigeauxjn@nhs.uk,Male,11,16,15,11,17
709,Ardene,Stickles,asticklesjo@issuu.com,Female,10,16,18,16,16
710,Sandy,Littledike,slittledikejp@ibm.com,Male,15,9,8,12,17
711,Garek,Iacovazzi,giacovazzijq@deliciousdays.com,Male,18,15,15,10,17
712,Aline,Hellin,ahellinjr@imdb.com,Female,12,12,9,12,16
713,Jarrid,Dmitriev,jdmitrievjs@yolasite.com,Male,19,18,20,19,15
714,Kinny,Franca,kfrancajt@rakuten.co.jp,Male,19,17,20,11,16
715,Neils,Grubb,ngrubbju@disqus.com,Male,12,12,13,18,15
716,Tye,Petrolli,tpetrollijv@economist.com,Male,14,18,15,16,17
717,Ruthann,Kiefer,rkieferjw@vkontakte.ru,Female,16,10,13,13,16
718,Em,Seed,eseedjx@rediff.com,Male,12,19,16,17,20
719,Jerry,Izod,jizodjy@prlog.org,Male,19,19,11,17,12
720,Wainwright,Hallgate,whallgatejz@ucla.edu,Male,13,12,8,11,15
721,Yorgo,Petren,ypetrenk0@nba.com,Male,15,17,16,20,17
722,Sadella,Van der Mark,svandermarkk1@biblegateway.com,Female,10,12,19,14,20
723,Norean,Reader,nreaderk2@ucoz.com,Female,13,17,8,18,13
724,Jard,Watchorn,jwatchornk3@yale.edu,Male,19,19,16,20,18
725,Shalom,Rosenblatt,srosenblattk4@themeforest.net,Male,18,10,19,10,12
726,Shea,Rylstone,srylstonek5@upenn.edu,Male,11,19,16,14,14
727,Shay,Goare,sgoarek6@wisc.edu,Female,10,14,13,18,15
728,Cristian,Harold,charoldk7@noaa.gov,Male,16,17,14,20,14
729,Magdaia,Troni,mtronik8@webmd.com,Female,11,13,12,15,19
730,Tamara,Duthie,tduthiek9@admin.ch,Female,12,12,9,16,16
731,Barby,Musicka,bmusickaka@fotki.com,Female,11,15,20,12,14
732,Byrle,Hallede,bhalledekb@usnews.com,Male,11,9,18,15,17
733,Abbi,Trivett,atrivettkc@census.gov,Female,17,19,12,16,12
734,Ceciley,Chamberlain,cchamberlainkd@printfriendly.com,Female,12,13,9,16,13
735,Raleigh,MacAlpyne,rmacalpyneke@rakuten.co.jp,Male,12,17,10,10,15
736,Merrily,Heindle,mheindlekf@woothemes.com,Agender,15,11,16,14,19
737,Jacquenette,Lapish,jlapishkg@dagondesign.com,Female,13,14,19,17,17
738,Roch,Zettler,rzettlerkh@umn.edu,Female,16,16,10,12,18
739,Gae,Waitland,gwaitlandki@ezinearticles.com,Female,20,15,15,17,15
740,Magdaia,Calcraft,mcalcraftkj@moonfruit.com,Female,18,14,18,17,16
741,Leif,Kliemann,lkliemannkk@slate.com,Male,13,20,16,20,19
742,Torry,Cay,tcaykl@examiner.com,Male,20,18,19,17,12
743,Farlee,Chasteney,fchasteneykm@creativecommons.org,Male,17,18,9,16,13
744,Hendrik,Drable,hdrablekn@tamu.edu,Male,20,17,10,15,14
745,Dulcie,Glyde,dglydeko@oracle.com,Female,19,19,11,15,18
746,Costa,Ensley,censleykp@fda.gov,Genderqueer,19,9,20,10,20
747,Chucho,Booker,cbookerkq@engadget.com,Male,15,10,15,10,17
748,Elena,Grimsdell,egrimsdellkr@cdc.gov,Female,16,15,8,19,17
749,Tait,Rigney,trigneyks@homestead.com,Male,15,14,11,11,20
750,Gearalt,Worledge,gworledgekt@telegraph.co.uk,Male,17,19,14,11,13
751,Giordano,Mart,gmartku@tripod.com,Male,13,19,14,17,16
752,Barbi,Venables,bvenableskv@ifeng.com,Female,19,13,14,10,18
753,Ozzie,Scurr,oscurrkw@paypal.com,Male,17,15,20,16,19
754,Emmy,Peris,eperiskx@dot.gov,Male,12,9,17,11,12
755,May,Krzysztof,mkrzysztofky@flavors.me,Female,15,17,17,15,20
756,Abagail,Verzey,averzeykz@slate.com,Female,13,16,19,16,18
757,Garey,Figurski,gfigurskil0@archive.org,Male,18,16,16,18,14
758,Lindsey,Covely,lcovelyl1@networksolutions.com,Male,19,18,11,10,13
759,Jamie,MacDearmont,jmacdearmontl2@1688.com,Female,10,15,10,15,16
760,Cosmo,Bedburrow,cbedburrowl3@usnews.com,Male,15,14,17,18,16
761,Terri-jo,Sawyers,tsawyersl4@ucoz.ru,Female,20,11,12,14,14
762,Bax,Gunton,bguntonl5@usgs.gov,Male,14,13,17,11,17
763,Maury,Crumbie,mcrumbiel6@usgs.gov,Male,10,12,8,11,19
764,Salmon,Middas,smiddasl7@census.gov,Male,10,17,9,14,15
765,Cazzie,Janney,cjanneyl8@livejournal.com,Male,14,14,20,18,20
766,Marje,Whoston,mwhostonl9@topsy.com,Female,15,19,8,17,13
767,Natassia,Hestrop,nhestropla@toplist.cz,Bigender,13,17,16,10,16
768,Kathlin,Haythorne,khaythornelb@xing.com,Female,18,10,11,18,14
769,Dolley,Irlam,dirlamlc@unicef.org,Female,19,17,20,14,14
770,Christalle,Lay,clayld@chicagotribune.com,Female,11,19,8,14,20
771,Florina,Silson,fsilsonle@unicef.org,Female,19,17,16,15,17
772,Beniamino,Freiberg,bfreiberglf@foxnews.com,Male,14,13,16,14,18
773,Stacy,Tixall,stixalllg@pagesperso-orange.fr,Male,18,18,10,19,18
774,Alejandro,Hartington,ahartingtonlh@is.gd,Male,14,10,13,17,12
775,Armando,Massenhove,amassenhoveli@sohu.com,Bigender,12,17,11,19,17
776,Prent,Walding,pwaldinglj@foxnews.com,Male,10,20,9,18,19
777,Fee,Collett,fcollettlk@ox.ac.uk,Agender,17,10,18,18,16
778,Myriam,Lancaster,mlancasterll@yandex.ru,Female,18,17,15,19,15
779,Ayn,Laughrey,alaughreylm@weibo.com,Female,11,19,19,15,12
780,Whitaker,McDonald,wmcdonaldln@wisc.edu,Genderfluid,12,12,12,12,16
781,Anne-corinne,Kliemchen,akliemchenlo@biglobe.ne.jp,Female,14,9,19,19,15
782,Vic,Alston,valstonlp@eventbrite.com,Male,10,16,18,16,20
783,Somerset,Barajaz,sbarajazlq@nationalgeographic.com,Male,18,18,14,12,15
784,Leeann,Goligher,lgoligherlr@gov.uk,Female,19,18,17,17,12
785,Linzy,Posse,lpossels@theglobeandmail.com,Female,18,14,20,12,19
786,Gilli,Hebburn,ghebburnlt@chron.com,Female,20,9,8,20,14
787,Katuscha,Lodwig,klodwiglu@prlog.org,Female,20,20,8,11,17
788,Ruy,Angerstein,rangersteinlv@sitemeter.com,Male,20,16,12,20,17
789,Lindon,Sturgis,lsturgislw@i2i.jp,Male,11,10,19,15,17
790,Renato,O'Corren,rocorrenlx@github.io,Non-binary,14,17,13,11,18
791,Catlin,Kershaw,ckershawly@cnet.com,Female,14,11,17,12,19
792,Rebekah,Mallock,rmallocklz@paypal.com,Female,17,20,20,14,15
793,Moina,Side,msidem0@behance.net,Female,12,14,16,19,14
794,Garland,Kirgan,gkirganm1@de.vu,Female,12,20,10,19,15
795,Eydie,Klimke,eklimkem2@youtube.com,Female,11,19,16,10,13
796,Zahara,Pretley,zpretleym3@pen.io,Female,14,18,10,14,14
797,Eziechiele,Wark,ewarkm4@wikispaces.com,Male,20,13,8,17,20
798,Debbi,Duff,dduffm5@wikimedia.org,Female,11,12,11,19,12
799,Zita,McGarrell,zmcgarrellm6@wsj.com,Female,10,17,18,18,16
800,Marta,Alpe,malpem7@wiley.com,Female,10,17,12,12,14
801,Lucias,McMenemy,lmcmenemym8@altervista.org,Male,14,18,14,19,17
802,Thurstan,Sandyford,tsandyfordm9@usatoday.com,Male,13,11,12,13,14
803,Jyoti,Logesdale,jlogesdalema@marriott.com,Female,18,10,11,11,20
804,Cecilia,Simonetto,csimonettomb@squarespace.com,Female,13,17,15,17,12
805,Arvy,Riddles,ariddlesmc@time.com,Male,15,9,17,16,12
806,Enid,Hendrix,ehendrixmd@businessinsider.com,Bigender,14,13,20,13,12
807,Hugo,Careless,hcarelessme@is.gd,Male,20,19,18,10,14
808,Jaquelin,Tinman,jtinmanmf@tripadvisor.com,Female,17,10,17,10,12
809,Brooks,Botright,bbotrightmg@yandex.ru,Female,15,13,17,19,20
810,Joanna,Tear,jtearmh@forbes.com,Female,18,11,9,10,14
811,Marya,Biggs,mbiggsmi@wsj.com,Female,15,16,20,19,20
812,Garrott,McKeand,gmckeandmj@google.es,Male,17,11,19,16,18
813,Sean,Mifflin,smifflinmk@sbwire.com,Female,12,11,9,10,13
814,Morey,Casserley,mcasserleyml@tripadvisor.com,Male,17,16,15,17,13
815,Natalie,Rolland,nrollandmm@bing.com,Female,18,15,19,12,18
816,Louie,Chmarny,lchmarnymn@hc360.com,Male,17,19,17,16,14
817,Aime,Tortice,atorticemo@devhub.com,Female,12,20,18,10,14
818,Maegan,Imesson,mimessonmp@twitter.com,Female,16,15,8,19,12
819,Tamar,Hodgets,thodgetsmq@bandcamp.com,Female,13,15,9,17,12
820,Stafani,Funnell,sfunnellmr@istockphoto.com,Female,19,17,9,13,19
821,Niki,Fessier,nfessierms@constantcontact.com,Male,20,13,9,14,18
822,Artemis,Lotte,alottemt@dailymail.co.uk,Male,20,20,20,10,18
823,Ken,Finkle,kfinklemu@qq.com,Male,20,19,10,18,14
824,Jermaine,Bowcher,jbowchermv@discuz.net,Agender,16,11,19,10,15
825,Imelda,Skalls,iskallsmw@facebook.com,Female,16,14,9,20,12
826,Rita,Ors,rorsmx@bbc.co.uk,Female,18,16,11,18,20
827,Dwain,Cuffin,dcuffinmy@github.com,Male,10,20,13,15,18
828,Colette,Caldicot,ccaldicotmz@wikipedia.org,Female,11,20,13,12,19
829,Ofella,Riddich,oriddichn0@utexas.edu,Female,12,16,15,19,14
830,Rosene,Hentzeler,rhentzelern1@yale.edu,Female,18,19,17,12,19
831,Tremayne,Pannaman,tpannamann2@altervista.org,Male,11,10,16,20,17
832,Sidnee,Sandom,ssandomn3@usa.gov,Male,19,20,9,10,19
833,Brod,Eriksson,berikssonn4@ehow.com,Male,18,12,15,11,12
834,Noak,Shakshaft,nshakshaftn5@sourceforge.net,Male,13,17,13,17,15
835,Jessie,Creber,jcrebern6@example.com,Female,10,16,16,18,14
836,Dell,Birdsey,dbirdseyn7@typepad.com,Male,15,20,9,20,20
837,Mindy,Markham,mmarkhamn8@xinhuanet.com,Female,13,19,16,20,18
838,Penrod,Plumtree,pplumtreen9@apache.org,Male,10,9,12,19,16
839,Deeyn,Crowe,dcrowena@webeden.co.uk,Female,12,12,8,18,15
840,Shelia,Lightowler,slightowlernb@twitter.com,Female,10,9,20,14,18
841,Cass,Isson,cissonnc@cafepress.com,Female,19,11,15,19,19
842,Jerrilyn,Jagiello,jjagiellond@berkeley.edu,Female,17,13,8,11,12
843,Dulcie,Sieghart,dsieghartne@e-recht24.de,Female,18,14,12,11,13
844,Ana,Milton-White,amiltonwhitenf@ustream.tv,Female,17,13,16,20,20
845,Ezmeralda,Seif,eseifng@slashdot.org,Female,15,14,8,19,15
846,Alverta,Cater,acaternh@hatena.ne.jp,Female,18,13,11,14,20
847,Farr,Blaine,fblaineni@g.co,Non-binary,20,18,10,11,15
848,Aubrey,Marfell,amarfellnj@jimdo.com,Female,10,18,19,13,13
849,Sharla,Luffman,sluffmannk@sourceforge.net,Female,14,15,19,15,14
850,Lianna,Burds,lburdsnl@chronoengine.com,Female,10,10,13,14,17
851,Kara,Bohike,kbohikenm@nifty.com,Female,16,14,17,19,15
852,Townie,Satcher,tsatchernn@parallels.com,Male,12,13,12,17,14
853,Nikolaos,Riches,nrichesno@dailymotion.com,Male,13,19,13,18,20
854,Devinne,Welsby,dwelsbynp@istockphoto.com,Female,20,12,10,13,19
855,Blondy,Farny,bfarnynq@youtube.com,Female,17,14,15,11,14
856,Isabelita,Tanser,itansernr@indiegogo.com,Female,14,15,16,20,19
857,Shelley,Corinton,scorintonns@goo.gl,Male,11,12,8,10,18
858,Gilbertina,Draycott,gdraycottnt@so-net.ne.jp,Female,19,18,17,13,13
859,Vale,Burkman,vburkmannu@spotify.com,Male,18,19,9,16,15
860,Sherlocke,Trattles,strattlesnv@businessweek.com,Genderfluid,13,9,11,13,18
861,Fanni,Stapele,fstapelenw@ask.com,Female,19,19,12,18,20
862,Katalin,Salling,ksallingnx@epa.gov,Female,13,12,16,11,13
863,Kaycee,Dikles,kdiklesny@last.fm,Female,12,13,20,13,16
864,Ethan,Cappleman,ecapplemannz@tumblr.com,Male,15,11,17,10,12
865,Madelene,Peacham,mpeachamo0@census.gov,Female,13,20,17,19,16
866,Job,Keppy,jkeppyo1@berkeley.edu,Male,20,19,20,20,12
867,Cordi,Dilloway,cdillowayo2@so-net.ne.jp,Female,18,14,10,16,12
868,Chrissie,Kleinmintz,ckleinmintzo3@facebook.com,Female,16,17,19,12,17
869,Vivian,Bartolommeo,vbartolommeoo4@ted.com,Female,19,12,13,20,18
870,Tobey,Dowtry,tdowtryo5@paypal.com,Female,18,19,19,15,15
871,Nicola,Fawthrop,nfawthropo6@ed.gov,Male,14,12,19,14,12
872,Pattie,Kuhnke,pkuhnkeo7@gnu.org,Female,13,12,20,15,16
873,Norma,Cullinan,ncullinano8@addthis.com,Polygender,10,17,8,20,13
874,Ashbey,Gregan,agregano9@scribd.com,Male,14,12,9,15,19
875,Ronni,Arnaldy,rarnaldyoa@admin.ch,Female,17,18,10,15,17
876,Emmery,Perkins,eperkinsob@desdev.cn,Male,20,9,17,18,18
877,Brenden,Broose,bbrooseoc@tripod.com,Male,15,18,17,20,17
878,Abigail,Sallter,asallterod@fotki.com,Female,14,20,8,12,12
879,Chip,Boulsher,cboulsheroe@auda.org.au,Male,13,17,12,19,19
880,Ainslie,Kelley,akelleyof@instagram.com,Female,16,9,9,16,13
881,Wallache,Stopps,wstoppsog@w3.org,Male,15,11,20,16,13
882,Bella,Fortye,bfortyeoh@sbwire.com,Female,15,20,8,20,12
883,Emlynne,Garrique,egarriqueoi@senate.gov,Female,17,14,17,17,12
884,Kathlin,Talmadge,ktalmadgeoj@ucoz.com,Female,16,9,9,11,14
885,Lazaro,Vacher,lvacherok@paypal.com,Male,15,12,20,13,19
886,Kaiser,Skerme,kskermeol@geocities.com,Male,20,12,18,20,17
887,Mellicent,St. John,mstjohnom@naver.com,Female,10,16,15,10,20
888,Garald,Chancellor,gchancelloron@tinyurl.com,Male,17,10,18,17,16
889,Ivory,Andresser,iandresseroo@storify.com,Female,18,10,10,17,16
890,Ruthi,Solomonides,rsolomonidesop@cbsnews.com,Female,15,18,17,17,13
891,Ron,Parfrey,rparfreyoq@umich.edu,Male,12,17,15,13,14
892,Jerald,Garlick,jgarlickor@uiuc.edu,Male,18,17,16,17,20
893,Raffarty,Bernolet,rbernoletos@bizjournals.com,Male,12,17,8,19,13
894,Cirstoforo,Redmille,credmilleot@scientificamerican.com,Male,18,9,14,17,16
895,Maritsa,Matthai,mmatthaiou@last.fm,Female,20,10,12,14,13
896,Nevil,Hamlen,nhamlenov@nbcnews.com,Male,20,12,18,12,13
897,Graham,Palfrey,gpalfreyow@51.la,Male,19,15,15,18,16
898,Banky,Putton,bputtonox@techcrunch.com,Male,11,17,20,11,16
899,Caresse,Arnal,carnaloy@google.de,Agender,19,17,9,16,15
900,Moyna,Nizet,mnizetoz@g.co,Female,20,12,20,20,16
901,Sal,Folley,sfolleyp0@barnesandnoble.com,Female,17,20,15,18,14
902,Zacharias,Righy,zrighyp1@acquirethisname.com,Male,15,18,15,12,16
903,Moria,Lamborn,mlambornp2@craigslist.org,Female,19,12,10,14,15
904,Barbara,Roly,brolyp3@weather.com,Female,19,16,13,13,17
905,Irma,Chiswell,ichiswellp4@kickstarter.com,Female,17,15,11,15,19
906,Kerr,Hoyer,khoyerp5@quantcast.com,Male,13,14,15,10,14
907,Erinna,Moffatt,emoffattp6@abc.net.au,Female,14,12,14,10,14
908,Antonin,Ranking,arankingp7@independent.co.uk,Male,14,12,14,11,13
909,Marris,Gulliman,mgullimanp8@macromedia.com,Female,15,16,20,13,17
910,Gwenora,Pfertner,gpfertnerp9@networksolutions.com,Female,18,15,10,18,14
911,David,Chartre,dchartrepa@canalblog.com,Male,13,19,17,19,16
912,Enrique,Beresford,eberesfordpb@shareasale.com,Male,10,10,11,16,14
913,Tiphani,St. Pierre,tstpierrepc@imgur.com,Female,10,18,15,17,19
914,Ivy,Abbiss,iabbisspd@house.gov,Female,19,20,15,15,18
915,Leia,Alwell,lalwellpe@mail.ru,Female,13,20,15,20,12
916,Avivah,Schachter,aschachterpf@sfgate.com,Female,12,13,19,10,18
917,Ezra,McDoual,emcdoualpg@drupal.org,Male,18,11,8,14,14
918,Zolly,Jedrachowicz,zjedrachowiczph@studiopress.com,Male,15,17,10,13,15
919,Nicholas,Klimentov,nklimentovpi@nytimes.com,Male,13,15,18,16,12
920,Valeda,Croston,vcrostonpj@squarespace.com,Female,19,10,14,10,19
921,Zachariah,Hinks,zhinkspk@xinhuanet.com,Polygender,16,10,13,13,19
922,Elbert,Stirman,estirmanpl@behance.net,Male,15,17,11,14,17
923,Sandor,Ordemann,sordemannpm@rediff.com,Male,10,11,11,11,19
924,Claudie,Sinney,csinneypn@dot.gov,Female,12,16,9,14,13
925,Burtie,Eilers,beilerspo@google.pl,Male,13,18,8,17,18
926,Keely,Garrettson,kgarrettsonpp@tamu.edu,Female,19,17,14,11,14
927,Burgess,Fulker,bfulkerpq@i2i.jp,Male,15,20,12,20,16
928,Wrennie,Climie,wclimiepr@ning.com,Female,15,20,17,15,17
929,Frazier,Langthorne,flangthorneps@oaic.gov.au,Male,10,11,16,20,19
930,Teirtza,Neno,tnenopt@blogtalkradio.com,Bigender,10,11,12,15,20
931,Ed,Ofer,eoferpu@tripadvisor.com,Male,11,20,10,15,14
932,Danie,Badsey,dbadseypv@xrea.com,Male,19,13,15,14,13
933,Lion,Gell,lgellpw@indiatimes.com,Male,16,12,15,20,15
934,Jamie,Caddan,jcaddanpx@woothemes.com,Male,19,9,10,16,18
935,Cindra,Luciano,clucianopy@clickbank.net,Female,17,13,8,18,16
936,Rhoda,Foxcroft,rfoxcroftpz@seattletimes.com,Female,18,13,13,17,16
937,Zak,Jeffree,zjeffreeq0@free.fr,Male,17,18,12,11,20
938,Constantine,Jellis,cjellisq1@macromedia.com,Male,13,15,20,17,18
939,Ethelin,Alenin,ealeninq2@msn.com,Female,18,11,12,19,18
940,Heindrick,Rive,hriveq3@nytimes.com,Male,16,11,18,16,13
941,Carlina,Librey,clibreyq4@psu.edu,Female,17,13,15,16,20
942,Demott,Schrir,dschrirq5@boston.com,Male,20,16,17,12,13
943,Xerxes,McGann,xmcgannq6@homestead.com,Male,17,13,17,15,15
944,Martguerita,Furlong,mfurlongq7@virginia.edu,Female,18,19,11,19,15
945,Jacky,Sysland,jsyslandq8@topsy.com,Male,15,15,17,16,20
946,Orton,Kuhne,okuhneq9@wsj.com,Male,17,14,13,15,16
947,Granthem,Symondson,gsymondsonqa@irs.gov,Male,16,13,16,16,19
948,Ermentrude,Apps,eappsqb@about.com,Female,18,14,17,12,12
949,Dael,Orchart,dorchartqc@wordpress.org,Female,11,9,13,15,17
950,Addy,Bettison,abettisonqd@hao123.com,Female,16,20,12,19,13
951,Daryn,Lanfare,dlanfareqe@acquirethisname.com,Female,15,9,11,14,20
952,Bebe,Kittel,bkittelqf@dagondesign.com,Female,20,9,19,13,14
953,Maryann,Ruggen,mruggenqg@fastcompany.com,Female,19,10,20,19,15
954,Andie,Pride,aprideqh@comsenz.com,Female,18,9,20,12,14
955,Dennis,Bodker,dbodkerqi@umn.edu,Genderfluid,16,19,18,18,13
956,Delmore,Baines,dbainesqj@soundcloud.com,Male,10,11,14,12,17
957,Ced,Moxson,cmoxsonqk@privacy.gov.au,Male,20,14,10,12,18
958,Winona,Fores,wforesql@t.co,Female,14,13,10,12,13
959,Desmund,Dace,ddaceqm@t-online.de,Male,12,9,17,15,16
960,Georgeta,Pelosi,gpelosiqn@github.com,Female,10,20,19,10,20
961,Trumaine,Gillions,tgillionsqo@addthis.com,Male,18,17,20,13,19
962,Wilma,Swynfen,wswynfenqp@upenn.edu,Female,10,9,20,14,18
963,Dougy,Phifer,dphiferqq@noaa.gov,Male,15,19,12,19,15
964,Jeddy,Josilowski,jjosilowskiqr@pbs.org,Male,17,18,10,14,19
965,Wald,Gibbie,wgibbieqs@i2i.jp,Male,13,12,14,13,20
966,Earle,Pellman,epellmanqt@cafepress.com,Male,16,18,16,20,17
967,Mandel,Flowers,mflowersqu@sun.com,Male,17,19,16,10,12
968,Nettie,Stronach,nstronachqv@cdc.gov,Female,11,11,11,15,14
969,Sidney,Northen,snorthenqw@nasa.gov,Male,19,12,17,16,18
970,Herb,Branno,hbrannoqx@upenn.edu,Male,19,10,16,18,19
971,Amil,Bronot,abronotqy@reverbnation.com,Female,14,13,8,16,20
972,Sonni,Daly,sdalyqz@scientificamerican.com,Female,15,12,10,16,14
973,Robbie,Woodnutt,rwoodnuttr0@angelfire.com,Male,11,18,19,16,12
974,Lorri,Maypes,lmaypesr1@opera.com,Female,20,19,20,17,16
975,Marleen,Philippart,mphilippartr2@hao123.com,Female,11,15,14,18,19
976,Ronald,Suthworth,rsuthworthr3@posterous.com,Male,17,10,18,13,15
977,Carlene,Teese,cteeser4@ebay.co.uk,Female,18,10,8,19,18
978,Leonidas,Robbel,lrobbelr5@odnoklassniki.ru,Male,12,16,17,11,12
979,Rube,Burth,rburthr6@state.gov,Male,15,15,12,12,20
980,Shaine,Sutherby,ssutherbyr7@ycombinator.com,Female,15,15,13,18,14
981,Bryn,Ainslie,bainslier8@craigslist.org,Female,13,19,10,16,14
982,Buckie,Chavrin,bchavrinr9@multiply.com,Bigender,18,15,18,20,12
983,Dilan,Knaggs,dknaggsra@constantcontact.com,Male,14,11,20,20,13
984,Ingrim,Fallis,ifallisrb@admin.ch,Male,18,18,16,15,13
985,Xenos,Bloys,xbloysrc@pinterest.com,Male,13,20,12,18,13
986,Lothaire,Maytum,lmaytumrd@sourceforge.net,Male,10,20,20,14,18
987,Gaye,Stanhope,gstanhopere@myspace.com,Female,15,9,13,16,16
988,Quintina,Oke,qokerf@goodreads.com,Female,14,16,20,18,14
989,Saleem,Pashenkov,spashenkovrg@ocn.ne.jp,Male,17,11,12,13,12
990,Kimberley,Folks,kfolksrh@wired.com,Non-binary,15,9,19,14,13
991,Clemmy,Walstow,cwalstowri@examiner.com,Female,18,19,15,16,16
992,Gibbie,Yanyushkin,gyanyushkinrj@sphinn.com,Male,13,19,8,10,16
993,Cly,Molson,cmolsonrk@trellian.com,Male,19,10,13,12,16
994,Sheffy,Catton,scattonrl@bbb.org,Male,15,14,11,17,17
995,Edouard,Chillcot,echillcotrm@bandcamp.com,Male,19,14,15,18,15
996,Vonni,Knatt,vknattrn@hubpages.com,Female,17,11,11,14,20
997,Jourdan,Gant,jgantro@usatoday.com,Female,19,9,14,14,17
998,Ebeneser,Attwoull,eattwoullrp@si.edu,Male,19,15,8,19,13
999,Abagail,O'Leary,aolearyrq@blogspot.com,Female,13,17,8,17,17
1000,Harley,Burkart,hburkartrr@weebly.com,Female,16,20,12,11,17
